{"cameraMode":{"drawMode":0,"name":"Shaded","section":"Shading Mode"},"sceneLighting":true,"audioPlay":false,"sceneViewState":{"m_AlwaysRefresh":false,"showFog":true,"showSkybox":true,"showFlares":true,"showImageEffects":true,"showParticleSystems":true,"showVisualEffectGraphs":true,"m_FxEnabled":true},"in2DMode":false,"pivot":{"x":11.967310905456543,"y":7.175252914428711,"z":-14.04298210144043},"rotation":{"x":-0.10230563580989838,"y":-0.13889047503471375,"z":0.014429600909352303,"w":-0.9849292039871216},"size":12.12435531616211,"orthographic":false}