{"cameraMode":{"drawMode":0,"name":"Shaded","section":"Shading Mode"},"sceneLighting":false,"audioPlay":false,"sceneViewState":{"m_AlwaysRefresh":false,"showFog":true,"showSkybox":false,"showFlares":true,"showImageEffects":true,"showParticleSystems":true,"showVisualEffectGraphs":true,"m_FxEnabled":true},"in2DMode":false,"pivot":{"x":15.585478782653809,"y":-7.157322406768799,"z":0.5150353908538818},"rotation":{"x":0.19755813479423524,"y":0.3306627869606018,"z":-0.07099636644124985,"w":0.9201117157936096},"size":21.420251846313478,"orthographic":false}